CHROM	SNP	bp	A1	A2	Freq	b	se	p
18	18:2579066	2579066	B	A	0.166667	0.0868901	0.0132973	6.38658e-11
18	18:2579068	2579068	B	A	0.166667	0.0868901	0.0132973	6.38658e-11
