CHROM	SNP	bp	A1	A2	Freq	b	se	p
8	8:14699151	14699151	A	B	0.392857	-0.0922388	0.0134066	5.97984e-12
8	8:14889568	14889568	B	A	0.392857	-0.0917892	0.0133997	7.38028e-12
8	8:14889769	14889769	B	A	0.392857	-0.0917892	0.0133997	7.38028e-12
11	11:3750265	3750265	B	A	0.357143	-0.1265	0.0172543	2.27521e-13
11	11:3826432	3826432	A	B	0.46	-0.121845	0.0154178	2.72472e-15
