CHROM	SNP	bp	A1	A2	Freq	b	se	p
8	8:14699151	14699151	A	B	0.392857	-0.0902509	0.0134144	1.72144e-11
8	8:14889568	14889568	B	A	0.392857	-0.0895116	0.0134082	2.45739e-11
8	8:14889769	14889769	B	A	0.392857	-0.0895116	0.0134082	2.45739e-11
11	11:3750265	3750265	B	A	0.357143	-0.124368	0.0172581	5.74692e-13
11	11:3826432	3826432	A	B	0.46	-0.119589	0.0154149	8.6287e-15
