CHROM	SNP	bp	A1	A2	Freq	b	se	p
5	5:14388258	14388258	B	A	0.461538	-0.299617	0.0241922	3.15697e-35
