CHROM	SNP	bp	A1	A2	Freq	b	se	p
18	18:11225159	11225159	A	B	0.326271	0.0254996	0.00527419	1.33289e-6
18	18:11226932	11226932	B	A	0.326271	0.0254996	0.00527419	1.33289e-6
18	18:11227758	11227758	B	A	0.326271	0.0254996	0.00527419	1.33289e-6
18	18:15178810	15178810	B	A	0.328431	0.0299304	0.00594976	4.89132e-7
18	18:15178902	15178902	B	A	0.328431	0.0299304	0.00594976	4.89132e-7
20	20:12521547	12521547	B	A	0.443182	0.049525	0.0100015	7.35458e-7
20	20:13169993	13169993	A	B	0.481132	0.0425603	0.00816691	1.8751e-7
