CHROM	SNP	bp	A1	A2	Freq	b	se	p
18	18:29445124	29445124	B	A	0.0869565	0.0419972	0.00798363	1.43727e-7
18	18:29445146	29445146	B	A	0.0869565	0.0419972	0.00798363	1.43727e-7
