CHROM	SNP	bp	A1	A2	Freq	b	se	p
9	9:14455334	14455334	B	A	0.1	0.148865	0.0287525	2.24933e-7
10	10:16705944	16705944	B	A	0.368085	0.0681592	0.0137237	6.81558e-7
18	18:11522097	11522097	B	A	0.270833	-0.076521	0.0146433	1.73521e-7
