CHROM	SNP	bp	A1	A2	Freq	b	se	p
9	9:14455334	14455334	B	A	0.1	0.144687	0.0285953	4.19648e-7
10	10:16668502	16668502	B	A	0.403153	0.0714113	0.0145467	9.14844e-7
10	10:16668723	16668723	B	A	0.403153	0.0714113	0.0145467	9.14844e-7
10	10:16668733	16668733	B	A	0.403153	0.0714113	0.0145467	9.14844e-7
10	10:16705944	16705944	B	A	0.368085	0.0685738	0.0137022	5.59844e-7
18	18:11522097	11522097	B	A	0.270833	-0.0742058	0.0146694	4.2249e-7
18	18:17362106	17362106	B	A	0.287611	-0.0933916	0.0190275	9.18956e-7
18	18:20948252	20948252	B	A	0.270992	-0.0862373	0.0176034	9.63717e-7
18	18:21772146	21772146	B	A	0.272727	-0.0865289	0.0175599	8.32271e-7
18	18:21772154	21772154	B	A	0.272727	-0.0865289	0.0175599	8.32271e-7
