CHROM	SNP	bp	A1	A2	Freq	b	se	p
6	6:26145086	26145086	B	A	0.314607	0.709331	0.138851	3.24566e-7
6	6:26145090	26145090	B	A	0.314607	0.709331	0.138851	3.24566e-7
