CHROM	SNP	bp	A1	A2	Freq	b	se	p
11	11:17115890	17115890	A	B	0.467391	-0.554577	0.113227	9.68447e-7
