CHROM	SNP	bp	A1	A2	Freq	b	se	p
11	11:17115890	17115890	A	B	0.467391	-0.564076	0.113262	6.34897e-7
11	11:17802769	17802769	B	A	0.473684	-0.513851	0.107512	1.7576e-6
11	11:17802780	17802780	B	A	0.473684	-0.513851	0.107512	1.7576e-6
11	11:17802788	17802788	B	A	0.473684	-0.513851	0.107512	1.7576e-6
