CHROM	SNP	bp	A1	A2	Freq	b	se	p
12	12:5136828	5136828	B	A	0.154135	0.868855	0.171018	3.76449e-7
