CHROM	SNP	bp	A1	A2	Freq	b	se	p
12	12:5071432	5071432	B	A	0.265306	0.874534	0.179963	1.17662e-6
12	12:5071740	5071740	B	A	0.265306	0.874534	0.179963	1.17662e-6
12	12:5073865	5073865	B	A	0.265306	0.874534	0.179963	1.17662e-6
12	12:5074231	5074231	B	A	0.265306	0.874534	0.179963	1.17662e-6
12	12:5074447	5074447	B	A	0.265306	0.874534	0.179963	1.17662e-6
12	12:5074958	5074958	B	A	0.265306	0.874534	0.179963	1.17662e-6
12	12:5136828	5136828	B	A	0.154135	0.867276	0.16784	2.37517e-7
