CHROM	SNP	bp	A1	A2	Freq	b	se	p
9	9:33102269	33102269	B	A	0.245455	-1.03133	0.228386	6.30937e-6
19	19:21468657	21468657	B	A	0.0696203	1.14371	0.25013	4.82034e-6
