CHROM	SNP	bp	A1	A2	Freq	b	se	p
7	7:18636980	18636980	B	A	0.223577	0.681932	0.142559	1.7226e-6
13	13:7142395	7142395	A	B	0.180412	0.732757	0.152339	1.50899e-6
13	13:18616297	18616297	B	A	0.157068	0.59911	0.124783	1.57706e-6
