CHROM	SNP	bp	A1	A2	Freq	b	se	p
4	4:14879019	14879019	B	A	0.106742	1.04141	0.222765	2.94031e-6
