CHROM	SNP	bp	A1	A2	Freq	b	se	p
1	1:7726880	7726880	B	A	0.261111	-0.79717	0.16947	2.55248e-6
1	1:7726892	7726892	A	B	0.261111	-0.79717	0.16947	2.55248e-6
1	1:7726893	7726893	A	B	0.261111	-0.79717	0.16947	2.55248e-6
1	1:7727932	7727932	A	B	0.261111	-0.79717	0.16947	2.55248e-6
1	1:10186009	10186009	B	A	0.25	-0.853742	0.185804	4.33079e-6
