CHROM	SNP	bp	A1	A2	Freq	b	se	p
18	18:17699477	17699477	B	A	0.414384	0.111722	0.0216508	2.46675e-7
18	18:22959379	22959379	A	B	0.40991	0.136931	0.0260422	1.45604e-7
