CHROM	SNP	bp	A1	A2	Freq	b	se	p
6	6:713411	713411	B	A	0.375	-0.0207638	0.00438448	2.18233e-6
