CHROM	SNP	bp	A1	A2	Freq	b	se	p
3	3:26601661	26601661	B	A	0.215385	-0.0287851	0.00639721	6.80702e-6
3	3:26601722	26601722	B	A	0.215385	-0.0287851	0.00639721	6.80702e-6
6	6:713411	713411	B	A	0.375	-0.0284427	0.00574287	7.31912e-7
6	6:32158226	32158226	A	B	0.265101	-0.0289869	0.00643258	6.59806e-6
10	10:7557081	7557081	B	A	0.339674	-0.0226775	0.00497858	5.23845e-6
14	14:13055274	13055274	B	A	0.365248	0.0280474	0.00616853	5.44526e-6
14	14:13058063	13058063	B	A	0.365248	0.0280474	0.00616853	5.44526e-6
14	14:13058126	13058126	B	A	0.365248	0.0280474	0.00616853	5.44526e-6
18	18:7382490	7382490	B	A	0.419118	0.0340626	0.00743453	4.61278e-6
