CHROM	SNP	bp	A1	A2	Freq	b	se	p
1	1:32578704	32578704	B	A	0.264706	0.120359	0.02478	1.19107e-6
