CHROM	SNP	bp	A1	A2	Freq	b	se	p
19	19:8222227	8222227	B	A	0.459302	-0.0351202	0.00702128	5.67474e-7
