CHROM	SNP	bp	A1	A2	Freq	b	se	p
6	6:31860828	31860828	B	A	0.203297	0.0347869	0.00706971	8.63011e-7
19	19:8222227	8222227	B	A	0.459302	-0.034901	0.00706806	7.89891e-7
