CHROM	SNP	bp	A1	A2	Freq	b	se	p
9	9:17734924	17734924	B	A	0.287356	0.0668085	0.0129968	2.74158e-7
9	9:18576363	18576363	B	A	0.275424	0.0833216	0.0156117	9.44306e-8
9	9:18756805	18756805	B	A	0.28481	0.0694816	0.0138847	5.60982e-7
9	9:19315789	19315789	B	A	0.254054	0.0672737	0.0132636	3.93531e-7
9	9:19317096	19317096	B	A	0.254054	0.0672737	0.0132636	3.93531e-7
9	9:25019875	25019875	B	A	0.265873	0.0788134	0.015534	3.90344e-7
9	9:25019878	25019878	B	A	0.265873	0.0788134	0.015534	3.90344e-7
9	9:25019899	25019899	B	A	0.265873	0.0788134	0.015534	3.90344e-7
