CHROM	SNP	bp	A1	A2	Freq	b	se	p
9	9:17734924	17734924	B	A	0.287356	0.0598977	0.012593	1.97038e-6
9	9:18576363	18576363	B	A	0.275424	0.0762743	0.0152609	5.79212e-7
11	11:13487420	13487420	B	A	0.240132	0.0673869	0.0140876	1.72346e-6
11	11:13487799	13487799	B	A	0.240132	0.0673869	0.0140876	1.72346e-6
11	11:13489267	13489267	B	A	0.240132	0.0673869	0.0140876	1.72346e-6
