CHROM	SNP	bp	A1	A2	Freq	b	se	p
16	16:22666455	22666455	B	A	0.108696	0.324541	0.0683356	2.04204e-6
16	16:22666816	22666816	B	A	0.108696	0.324541	0.0683356	2.04204e-6
16	16:22668199	22668199	B	A	0.108696	0.324541	0.0683356	2.04204e-6
16	16:22668417	22668417	B	A	0.108696	0.324541	0.0683356	2.04204e-6
