CHROM	SNP	bp	A1	A2	Freq	b	se	p
1	1:21994342	21994342	B	A	0.274194	0.0258373	0.00478163	6.53747e-8
2	2:8324819	8324819	A	B	0.126984	0.0320627	0.00584714	4.17007e-8
2	2:10042918	10042918	B	A	0.12987	0.0297172	0.00528361	1.86139e-8
2	2:10042934	10042934	B	A	0.103093	0.0300144	0.00512218	4.63728e-9
2	2:10044756	10044756	B	A	0.12987	0.0297172	0.00528361	1.86139e-8
8	8:10243584	10243584	B	A	0.114679	0.0203356	0.00358047	1.35015e-8
10	10:1701195	1701195	B	A	0.115044	0.025138	0.00451841	2.64467e-8
13	13:18616297	18616297	B	A	0.157068	0.0136273	0.00251778	6.21728e-8
13	13:33422230	33422230	B	A	0.0824742	0.0224144	0.00409569	4.43294e-8
17	17:24422810	24422810	B	A	0.115385	0.0199446	0.00372572	8.63941e-8
17	17:24422811	24422811	B	A	0.115385	0.0199446	0.00372572	8.63941e-8
19	19:9595628	9595628	B	A	0.107477	0.0266024	0.00477382	2.51037e-8
19	19:9595659	9595659	B	A	0.107477	0.0266024	0.00477382	2.51037e-8
