CHROM	SNP	bp	A1	A2	Freq	b	se	p
4	4:14879019	14879019	B	A	0.106742	0.0242147	0.00445443	5.44569e-8
