CHROM	SNP	bp	A1	A2	Freq	b	se	p
14	14:14095059	14095059	B	A	0.276119	0.0494778	0.00946409	1.714e-7
14	14:14095383	14095383	B	A	0.276119	0.0494778	0.00946409	1.714e-7
14	14:16549796	16549796	B	A	0.132911	0.0424978	0.00813065	1.72412e-7
20	20:7165257	7165257	B	A	0.166667	0.0599263	0.0113581	1.3197e-7
20	20:7169438	7169438	B	A	0.166667	0.0599263	0.0113581	1.3197e-7
20	20:7169466	7169466	B	A	0.166667	0.0599263	0.0113581	1.3197e-7
20	20:7169488	7169488	B	A	0.166667	0.0599263	0.0113581	1.3197e-7
