CHROM	SNP	bp	A1	A2	Freq	b	se	p
7	7:13628912	13628912	B	A	0.444444	-0.162966	0.0231995	2.14749e-12
7	7:13628944	13628944	B	A	0.444444	-0.162966	0.0231995	2.14749e-12
