CHROM	SNP	bp	A1	A2	Freq	b	se	p
3	3:5540755	5540755	A	B	0.375	-0.036081	0.00349898	6.22833e-25
3	3:30807435	30807435	B	A	0.392857	-0.0360241	0.00343008	8.41945e-26
