CHROM	SNP	bp	A1	A2	Freq	b	se	p
3	3:5540755	5540755	A	B	0.375	-0.0355468	0.00347245	1.3564900000000002e-24
3	3:30807435	30807435	B	A	0.392857	-0.0356434	0.00340243	1.11512e-25
