CHROM	SNP	bp	A1	A2	Freq	b	se	p
17	17:9808710	9808710	B	A	0.237179	0.0357656	0.00708152	4.40537e-7
17	17:12341150	12341150	A	B	0.101796	0.0357676	0.00698436	3.03751e-7
