CHROM	SNP	bp	A1	A2	Freq	b	se	p
17	17:9808710	9808710	B	A	0.237179	0.0338615	0.00676895	5.65975e-7
