CHROM	SNP	bp	A1	A2	Freq	b	se	p
1	1:29532368	29532368	A	B	0.155556	0.0209455	0.00392479	9.46457e-8
1	1:29532396	29532396	A	B	0.155556	0.0209455	0.00392479	9.46457e-8
