CHROM	SNP	bp	A1	A2	Freq	b	se	p
1	1:29532368	29532368	A	B	0.155556	0.0205641	0.00387581	1.12199e-7
1	1:29532396	29532396	A	B	0.155556	0.0205641	0.00387581	1.12199e-7
