CHROM	SNP	bp	A1	A2	Freq	b	se	p
19	19:11081474	11081474	A	B	0.242857	0.0653769	0.0129651	4.59398e-7
