CHROM	SNP	bp	A1	A2	Freq	b	se	p
2	2:10042934	10042934	B	A	0.103093	0.0353369	0.00697278	4.02385e-7
4	4:14879019	14879019	B	A	0.106742	0.0332196	0.00630329	1.36271e-7
7	7:26504682	26504682	B	A	0.142857	0.0352337	0.00698439	4.54386e-7
8	8:10243584	10243584	B	A	0.114679	0.0261285	0.00490643	1.00751e-7
8	8:17063924	17063924	B	A	0.16	0.0319941	0.00631393	4.03656e-7
13	13:7142395	7142395	A	B	0.180412	0.0220989	0.00421475	1.57784e-7
13	13:7504941	7504941	B	A	0.227273	0.0242202	0.00468011	2.27734e-7
13	13:7504944	7504944	B	A	0.227273	0.0242202	0.00468011	2.27734e-7
