CHROM	SNP	bp	A1	A2	Freq	b	se	p
4	4:14879019	14879019	B	A	0.106742	0.033501	0.00625511	8.51837e-8
