CHROM	SNP	bp	A1	A2	Freq	b	se	p
1	1:21993857	21993857	B	A	0.23913	-0.0729147	0.0146985	7.02478e-7
4	4:14879019	14879019	B	A	0.106742	0.0417915	0.00809029	2.39615e-7
8	8:10243584	10243584	B	A	0.114679	0.0323751	0.00629719	2.72988e-7
13	13:7142395	7142395	A	B	0.180412	0.0277348	0.00540689	2.90454e-7
13	13:7504941	7504941	B	A	0.227273	0.0307108	0.00600387	3.13449e-7
13	13:7504944	7504944	B	A	0.227273	0.0307108	0.00600387	3.13449e-7
13	13:18616297	18616297	B	A	0.157068	0.0219635	0.00442885	7.07914e-7
