CHROM	SNP	bp	A1	A2	Freq	b	se	p
4	4:14879019	14879019	B	A	0.106742	0.0420053	0.00800531	1.54449e-7
