CHROM	SNP	bp	A1	A2	Freq	b	se	p
2	2:11759362	11759362	B	A	0.172619	-0.944333	0.19047	7.12515e-7
