CHROM	SNP	bp	A1	A2	Freq	b	se	p
16	16:343557	343557	B	A	0.208333	0.853971	0.174197	9.47035e-7
16	16:524954	524954	B	A	0.182482	0.902312	0.186623	1.33174e-6
16	16:965789	965789	B	A	0.10124	0.92907	0.192248	1.34722e-6
16	16:966141	966141	B	A	0.10124	0.92907	0.192248	1.34722e-6
16	16:966384	966384	B	A	0.10124	0.92907	0.192248	1.34722e-6
