CHROM	SNP	bp	A1	A2	Freq	b	se	p
16	16:343557	343557	B	A	0.208333	0.839988	0.175271	1.64716e-6
16	16:965789	965789	B	A	0.10124	0.922812	0.193679	1.8918e-6
16	16:966141	966141	B	A	0.10124	0.922812	0.193679	1.8918e-6
16	16:966384	966384	B	A	0.10124	0.922812	0.193679	1.8918e-6
