CHROM	SNP	bp	A1	A2	Freq	b	se	p
1	1:6509238	6509238	B	A	0.0718563	0.973439	0.206621	2.46239e-6
9	9:14455334	14455334	B	A	0.1	1.0099	0.210976	1.69478e-6
11	11:3591658	3591658	B	A	0.116883	0.853341	0.179292	1.94055e-6
