CHROM	SNP	bp	A1	A2	Freq	b	se	p
18	18:18764660	18764660	B	A	0.349174	0.466081	0.0967438	1.45233e-6
18	18:19136722	19136722	B	A	0.388393	0.476489	0.0987816	1.40943e-6
20	20:13169993	13169993	A	B	0.481132	0.725298	0.14708	8.16838e-7
