CHROM	SNP	bp	A1	A2	Freq	b	se	p
13	13:11541174	11541174	B	A	0.233051	-0.734398	0.154332	1.9499e-6
19	19:3157614	3157614	B	A	0.388462	0.581297	0.120245	1.33627e-6
