CHROM	SNP	bp	A1	A2	Freq	b	se	p
13	13:11541174	11541174	B	A	0.233051	-0.736415	0.154374	1.83935e-6
