CHROM	SNP	bp	A1	A2	Freq	b	se	p
2	2:1812373	1812373	B	A	0.276786	1.09592	0.228364	1.59446e-6
2	2:1812504	1812504	B	A	0.276786	1.09592	0.228364	1.59446e-6
4	4:23828023	23828023	B	A	0.469697	-1.36647	0.278087	8.93086e-7
4	4:23828033	23828033	B	A	0.469697	-1.36647	0.278087	8.93086e-7
4	4:23828055	23828055	B	A	0.469697	-1.36647	0.278087	8.93086e-7
