CHROM	SNP	bp	A1	A2	Freq	b	se	p
4	4:23828023	23828023	B	A	0.469697	-1.3415	0.278829	1.50023e-6
4	4:23828033	23828033	B	A	0.469697	-1.3415	0.278829	1.50023e-6
4	4:23828055	23828055	B	A	0.469697	-1.3415	0.278829	1.50023e-6
