CHROM	SNP	bp	A1	A2	Freq	b	se	p
18	18:17699477	17699477	B	A	0.414384	0.133474	0.0262332	3.61937e-7
18	18:22959379	22959379	A	B	0.40991	0.163095	0.0314737	2.19578e-7
