CHROM	SNP	bp	A1	A2	Freq	b	se	p
20	20:13169993	13169993	A	B	0.47449	0.0365392	0.00796863	4.5315e-6
