CHROM	SNP	bp	A1	A2	Freq	b	se	p
5	5:438679	438679	B	A	0.281818	0.14049	0.028893	1.15955e-6
10	10:15319434	15319434	A	B	0.357143	0.0966457	0.019771	1.01729e-6
10	10:15319435	15319435	B	A	0.357143	0.0966457	0.019771	1.01729e-6
