CHROM	SNP	bp	A1	A2	Freq	b	se	p
1	1:32578704	32578704	B	A	0.264706	0.0772897	0.0157713	9.55222e-7
