CHROM	SNP	bp	A1	A2	Freq	b	se	p
1	1:32578704	32578704	B	A	0.264706	0.0776019	0.0156523	7.12793e-7
1	1:36639212	36639212	A	B	0.359375	0.0914411	0.0185514	8.26239e-7
1	1:36639218	36639218	A	B	0.359375	0.0914411	0.0185514	8.26239e-7
