CHROM	SNP	bp	A1	A2	Freq	b	se	p
9	9:18576363	18576363	B	A	0.275424	0.0871404	0.0167544	1.98177e-7
9	9:25019875	25019875	B	A	0.265873	0.0852404	0.0166882	3.25878e-7
9	9:25019878	25019878	B	A	0.265873	0.0852404	0.0166882	3.25878e-7
9	9:25019899	25019899	B	A	0.265873	0.0852404	0.0166882	3.25878e-7
11	11:16226012	16226012	B	A	0.25	0.119082	0.0233752	3.499e-7
