CHROM	SNP	bp	A1	A2	Freq	b	se	p
8	8:4353378	4353378	A	B	0.359155	0.420119	0.0910685	3.96481e-6
