CHROM	SNP	bp	A1	A2	Freq	b	se	p
6	6:10808486	10808486	B	A	0.221154	-1.22187	0.239719	3.44922e-7
14	14:24214973	24214973	A	B	0.317919	-0.605629	0.117481	2.53481e-7
14	14:24214996	24214996	A	B	0.317919	-0.605629	0.117481	2.53481e-7
