CHROM	SNP	bp	A1	A2	Freq	b	se	p
6	6:10808486	10808486	B	A	0.221154	-1.15519	0.238763	1.30994e-6
14	14:24214973	24214973	A	B	0.317919	-0.571433	0.117016	1.04278e-6
14	14:24214996	24214996	A	B	0.317919	-0.571433	0.117016	1.04278e-6
