CHROM	SNP	bp	A1	A2	Freq	b	se	p
6	6:10808486	10808486	B	A	0.221154	-1.22179	0.23917	3.24804e-7
14	14:24214973	24214973	A	B	0.317919	-0.611383	0.117212	1.82782e-7
14	14:24214996	24214996	A	B	0.317919	-0.611383	0.117212	1.82782e-7
