CHROM	SNP	bp	A1	A2	Freq	b	se	p
6	6:10808486	10808486	B	A	0.221154	-1.15265	0.238312	1.31985e-6
14	14:24214973	24214973	A	B	0.317919	-0.577744	0.116795	7.55026e-7
14	14:24214996	24214996	A	B	0.317919	-0.577744	0.116795	7.55026e-7
