CHROM	SNP	bp	A1	A2	Freq	b	se	p
2	2:5590014	5590014	A	B	0.307692	-1.4796	0.329447	7.0839e-6
4	4:28544536	28544536	B	A	0.313725	0.585703	0.130889	7.64764e-6
20	20:24987934	24987934	A	B	0.457447	-0.857541	0.188135	5.16163e-6
