CHROM	SNP	bp	A1	A2	Freq	b	se	p
2	2:5590014	5590014	A	B	0.307692	-1.4758	0.330872	8.18373e-6
6	6:6717042	6717042	A	B	0.472222	-0.79009	0.17760600000000001	8.64524e-6
6	6:6717571	6717571	A	B	0.47619	-0.623453	0.140529	9.144e-6
6	6:8942021	8942021	B	A	0.478723	0.842229	0.190388	9.69977e-6
19	19:8222411	8222411	A	B	0.476415	0.680381	0.152211	7.82289e-6
20	20:24987934	24987934	A	B	0.457447	-0.874151	0.188899	3.69911e-6
