CHROM	SNP	bp	A1	A2	Freq	b	se	p
4	4:21874666	21874666	A	B	0.269685	0.388738	0.0756815	2.79907e-7
4	4:22135604	22135604	A	B	0.342541	0.432747	0.0829745	1.83404e-7
