CHROM	SNP	bp	A1	A2	Freq	b	se	p
9	9:18576363	18576363	B	A	0.275424	-0.731085	0.14997	1.08877e-6
18	18:18764660	18764660	B	A	0.337719	0.5048	0.105129	1.57311e-6
18	18:22764684	22764684	A	B	0.422794	-0.612276	0.128137	1.76789e-6
18	18:22959379	22959379	A	B	0.40991	0.715512	0.15217	2.57541e-6
