CHROM	SNP	bp	A1	A2	Freq	b	se	p
10	10:15319434	15319434	A	B	0.357143	0.877005	0.180759	1.22354e-6
10	10:15319435	15319435	B	A	0.357143	0.877005	0.180759	1.22354e-6
