CHROM	SNP	bp	A1	A2	Freq	b	se	p
20	20:12235367	12235367	B	A	0.475	-0.626295	0.119202	1.48777e-7
20	20:12340138	12340138	A	B	0.459184	-0.535652	0.109349	9.65483e-7
20	20:12342036	12342036	A	B	0.459184	-0.535652	0.109349	9.65483e-7
20	20:12344007	12344007	A	B	0.459184	-0.535652	0.109349	9.65483e-7
20	20:12344440	12344440	A	B	0.459184	-0.535652	0.109349	9.65483e-7
