CHROM	SNP	bp	A1	A2	Freq	b	se	p
5	5:24433800	24433800	B	A	0.477564	-0.550584	0.11095	6.96031e-7
9	9:17734924	17734924	B	A	0.287356	0.614891	0.122697	5.40245e-7
9	9:18576363	18576363	B	A	0.275424	0.756023	0.146858	2.63308e-7
9	9:25019875	25019875	B	A	0.265873	0.726092	0.146364	7.01769e-7
9	9:25019878	25019878	B	A	0.265873	0.726092	0.146364	7.01769e-7
9	9:25019899	25019899	B	A	0.265873	0.726092	0.146364	7.01769e-7
