CHROM	SNP	bp	A1	A2	Freq	b	se	p
12	12:5071432	5071432	B	A	0.265306	0.63589	0.129923	9.86187e-7
12	12:5071740	5071740	B	A	0.265306	0.63589	0.129923	9.86187e-7
12	12:5073865	5073865	B	A	0.265306	0.63589	0.129923	9.86187e-7
12	12:5074231	5074231	B	A	0.265306	0.63589	0.129923	9.86187e-7
12	12:5074447	5074447	B	A	0.265306	0.63589	0.129923	9.86187e-7
12	12:5074958	5074958	B	A	0.265306	0.63589	0.129923	9.86187e-7
