CHROM	SNP	bp	A1	A2	Freq	b	se	p
1	1:17873817	17873817	B	A	0.175573	1.38169	0.279993	8.02688e-7
10	10:15319380	15319380	B	A	0.327128	0.579951	0.118079	9.03567e-7
18	18:22497999	22497999	B	A	0.476923	0.505985	0.100559	4.86102e-7
18	18:22498010	22498010	B	A	0.476923	0.505985	0.100559	4.86102e-7
