CHROM	SNP	bp	A1	A2	Freq	b	se	p
10	10:3022256	3022256	B	A	0.47	0.403519	0.0769543	1.57454e-7
10	10:10099323	10099323	B	A	0.153846	0.636656	0.115838	3.8828e-8
