CHROM	SNP	bp	A1	A2	Freq	b	se	p
10	10:10099323	10099323	B	A	0.153846	0.62723	0.114886	4.77269e-8
