CHROM	SNP	bp	A1	A2	Freq	b	se	p
1	1:6154908	6154908	B	A	0.0932836	0.137642	0.0253301	5.51279e-8
1	1:6509238	6509238	B	A	0.0718563	0.142972	0.0259477	3.58782e-8
9	9:14455334	14455334	B	A	0.1	0.14883	0.0264271	1.78408e-8
