CHROM	SNP	bp	A1	A2	Freq	b	se	p
1	1:6154908	6154908	B	A	0.0932836	0.138255	0.0254197	5.36196e-8
1	1:6509238	6509238	B	A	0.0718563	0.144153	0.0260434	3.11074e-8
9	9:14455334	14455334	B	A	0.1	0.148089	0.0264828	2.24596e-8
