CHROM	SNP	bp	A1	A2	Freq	b	se	p
16	16:32922460	32922460	A	B	0.456522	-0.364687	0.0622935	4.78927e-9
16	16:32922984	32922984	B	A	0.456522	-0.364687	0.0622935	4.78927e-9
16	16:32923137	32923137	B	A	0.456522	-0.364687	0.0622935	4.78927e-9
