CHROM	SNP	bp	A1	A2	Freq	b	se	p
8	8:14699151	14699151	A	B	0.392857	-0.0172623	0.00233337	1.3826e-13
8	8:14889568	14889568	B	A	0.392857	-0.0168971	0.00233178	4.27842e-13
8	8:14889769	14889769	B	A	0.392857	-0.0168971	0.00233178	4.27842e-13
11	11:3750265	3750265	B	A	0.357143	-0.0219435	0.00301213	3.21517e-13
11	11:3826432	3826432	A	B	0.46	-0.0215821	0.00269346	1.12142e-15
