CHROM	SNP	bp	A1	A2	Freq	b	se	p
8	8:14699151	14699151	A	B	0.392857	-0.0169289	0.00233529	4.19403e-13
11	11:3826432	3826432	A	B	0.46	-0.0212476	0.00269207	2.95841e-15
