CHROM	SNP	bp	A1	A2	Freq	b	se	p
20	20:12428530	12428530	A	B	0.48	-0.039142	0.0079882	9.58448e-7
20	20:12521547	12521547	B	A	0.443182	0.0479929	0.00947384	4.06601e-7
20	20:13169993	13169993	A	B	0.481132	0.0402767	0.00768321	1.58695e-7
