CHROM	SNP	bp	A1	A2	Freq	b	se	p
1	1:1537861	1537861	B	A	0.214286	0.0115281	0.00227424	3.9998e-7
6	6:2111580	2111580	A	B	0.146552	0.0243586	0.00487694	5.89401e-7
