CHROM	SNP	bp	A1	A2	Freq	b	se	p
17	17:2796050	2796050	B	A	0.302703	0.0566792	0.0116022	1.03311e-6
17	17:2798985	2798985	B	A	0.302703	0.0566792	0.0116022	1.03311e-6
17	17:2799029	2799029	A	B	0.302703	0.0566792	0.0116022	1.03311e-6
17	17:6559557	6559557	B	A	0.385593	0.074143	0.0144007	2.62482e-7
17	17:6559569	6559569	B	A	0.385593	0.074143	0.0144007	2.62482e-7
17	17:6559571	6559571	B	A	0.385593	0.074143	0.0144007	2.62482e-7
17	17:7970174	7970174	B	A	0.305344	0.0621004	0.0127353	1.08133e-6
17	17:8381499	8381499	A	B	0.4	0.0730878	0.0143568	3.56563e-7
17	17:8382299	8382299	B	A	0.4	0.0730878	0.0143568	3.56563e-7
17	17:8382315	8382315	B	A	0.4	0.0730878	0.0143568	3.56563e-7
17	17:8382942	8382942	B	A	0.4	0.0730878	0.0143568	3.56563e-7
