CHROM	SNP	bp	A1	A2	Freq	b	se	p
4	4:29840444	29840444	B	A	0.333333	-0.0830917	0.0163352	3.64388e-7
