CHROM	SNP	bp	A1	A2	Freq	b	se	p
4	4:29840444	29840444	B	A	0.333333	-0.0839404	0.0164024	3.09478e-7
