CHROM	SNP	bp	A1	A2	Freq	b	se	p
6	6:26145086	26145086	B	A	0.314607	0.73171	0.141074	2.14049e-7
6	6:26145090	26145090	B	A	0.314607	0.73171	0.141074	2.14049e-7
18	18:28263917	28263917	B	A	0.288889	0.550799	0.115355	1.79884e-6
18	18:28263933	28263933	B	A	0.288889	0.550799	0.115355	1.79884e-6
18	18:29209276	29209276	B	A	0.283088	0.547968	0.114985	1.88314e-6
18	18:29209281	29209281	B	A	0.283088	0.547968	0.114985	1.88314e-6
18	18:29310916	29310916	A	B	0.272059	0.571686	0.1197	1.78816e-6
18	18:29401536	29401536	B	A	0.246622	0.649221	0.118603	4.40299e-8
18	18:29687471	29687471	A	B	0.278146	0.56772	0.118365	1.61583e-6
18	18:29994809	29994809	B	A	0.232353	0.578738	0.117506	8.42849e-7
