CHROM	SNP	bp	A1	A2	Freq	b	se	p
6	6:26145086	26145086	B	A	0.314607	0.699089	0.138618	4.57631e-7
6	6:26145090	26145090	B	A	0.314607	0.699089	0.138618	4.57631e-7
18	18:28263917	28263917	B	A	0.288889	0.525276	0.113407	3.62556e-6
18	18:28263933	28263933	B	A	0.288889	0.525276	0.113407	3.62556e-6
18	18:29310916	29310916	A	B	0.272059	0.547363	0.117672	3.29345e-6
18	18:29364374	29364374	B	A	0.303922	0.609156	0.131385	3.54481e-6
18	18:29401536	29401536	B	A	0.246622	0.605454	0.116589	2.06855e-7
18	18:29994809	29994809	B	A	0.232353	0.538797	0.115524	3.10214e-6
