CHROM	SNP	bp	A1	A2	Freq	b	se	p
12	12:5136828	5136828	B	A	0.154135	0.846975	0.170548	6.82758e-7
