CHROM	SNP	bp	A1	A2	Freq	b	se	p
19	19:4921761	4921761	A	B	0.423077	0.898447	0.202211	8.86637e-6
19	19:4921781	4921781	B	A	0.423077	0.898447	0.202211	8.86637e-6
19	19:4921784	4921784	A	B	0.423077	0.898447	0.202211	8.86637e-6
