CHROM	SNP	bp	A1	A2	Freq	b	se	p
4	4:14879019	14879019	B	A	0.106742	0.984358	0.220704	8.19271e-6
13	13:18616297	18616297	B	A	0.157068	0.535696	0.121129	9.75582e-6
19	19:4921761	4921761	A	B	0.423077	0.934164	0.202209	3.84135e-6
19	19:4921781	4921781	B	A	0.423077	0.934164	0.202209	3.84135e-6
19	19:4921784	4921784	A	B	0.423077	0.934164	0.202209	3.84135e-6
