CHROM	SNP	bp	A1	A2	Freq	b	se	p
14	14:16549796	16549796	B	A	0.132911	0.711293	0.144918	9.18927e-7
