CHROM	SNP	bp	A1	A2	Freq	b	se	p
1	1:10186009	10186009	B	A	0.25	-0.846452	0.190713	9.06502e-6
