CHROM	SNP	bp	A1	A2	Freq	b	se	p
4	4:19285299	19285299	A	B	0.382353	0.497573	0.104083	1.74826e-6
4	4:19286874	19286874	B	A	0.382353	0.497573	0.104083	1.74826e-6
4	4:19289782	19289782	B	A	0.382353	0.497573	0.104083	1.74826e-6
4	4:19289909	19289909	B	A	0.382353	0.497573	0.104083	1.74826e-6
11	11:6498717	6498717	B	A	0.27193	0.563157	0.116093	1.22907e-6
11	11:6850428	6850428	B	A	0.274194	0.548688	0.111295	8.22177e-7
11	11:6871069	6871069	B	A	0.278261	0.554372	0.11374	1.09354e-6
11	11:6965535	6965535	B	A	0.272	0.552785	0.110993	6.34653e-7
11	11:6988080	6988080	B	A	0.214706	0.464096	0.0986371	2.53754e-6
11	11:6988104	6988104	B	A	0.214706	0.464096	0.0986371	2.53754e-6
20	20:440195	440195	B	A	0.3125	-0.802764	0.17075	2.58382e-6
