CHROM	SNP	bp	A1	A2	Freq	b	se	p
13	13:7124756	7124756	A	B	0.326531	-0.520735	0.110134	2.26527e-6
13	13:7124757	7124757	A	B	0.326531	-0.520735	0.110134	2.26527e-6
13	13:7124850	7124850	A	B	0.326531	-0.520735	0.110134	2.26527e-6
