CHROM	SNP	bp	A1	A2	Freq	b	se	p
12	12:4850299	4850299	A	B	0.136364	1.2534	0.248099	4.37148e-7
12	12:4850724	4850724	A	B	0.136364	1.2534	0.248099	4.37148e-7
12	12:4850854	4850854	B	A	0.136364	1.2534	0.248099	4.37148e-7
