CHROM	SNP	bp	A1	A2	Freq	b	se	p
12	12:4850299	4850299	A	B	0.136364	1.21194	0.248414	1.06784e-6
12	12:4850724	4850724	A	B	0.136364	1.21194	0.248414	1.06784e-6
12	12:4850854	4850854	B	A	0.136364	1.21194	0.248414	1.06784e-6
