CHROM	SNP	bp	A1	A2	Freq	b	se	p
6	6:6194883	6194883	B	A	0.43	-0.831005	0.170812	1.14436e-6
6	6:6194935	6194935	B	A	0.43	-0.831005	0.170812	1.14436e-6
6	6:6194938	6194938	B	A	0.43	-0.831005	0.170812	1.14436e-6
6	6:6194954	6194954	B	A	0.43	-0.831005	0.170812	1.14436e-6
6	6:8942021	8942021	B	A	0.478723	0.869536	0.180224	1.40173e-6
10	10:2573865	2573865	B	A	0.454918	0.705652	0.14586	1.31246e-6
10	10:12255779	12255779	B	A	0.47351	-0.537362	0.112331	1.72055e-6
