CHROM	SNP	bp	A1	A2	Freq	b	se	p
9	9:18576363	18576363	B	A	0.275424	-0.742116	0.149972	7.48402e-7
