CHROM	SNP	bp	A1	A2	Freq	b	se	p
9	9:18576363	18576363	B	A	0.275424	-0.728126	0.149865	1.18248e-6
