CHROM	SNP	bp	A1	A2	Freq	b	se	p
6	6:713411	713411	B	A	0.375	-0.57103	0.124848	4.78965e-6
