CHROM	SNP	bp	A1	A2	Freq	b	se	p
6	6:713411	713411	B	A	0.375	-0.600431	0.124759	1.48872e-6
