CHROM	SNP	bp	A1	A2	Freq	b	se	p
2	2:5460509	5460509	B	A	0.304348	-1.60336	0.332707	1.44194e-6
2	2:5460527	5460527	B	A	0.304348	-1.60336	0.332707	1.44194e-6
16	16:29439658	29439658	B	A	0.303922	-1.54769	0.323908	1.76891e-6
16	16:29439665	29439665	B	A	0.303922	-1.54769	0.323908	1.76891e-6
19	19:8222227	8222227	B	A	0.459302	-0.902602	0.185814	1.1885e-6
19	19:12345482	12345482	B	A	0.235849	-1.29003	0.27657	3.09555e-6
20	20:12340138	12340138	A	B	0.459184	-0.523767	0.110857	2.30464e-6
20	20:12342036	12342036	A	B	0.459184	-0.523767	0.110857	2.30464e-6
20	20:12344007	12344007	A	B	0.459184	-0.523767	0.110857	2.30464e-6
20	20:12344440	12344440	A	B	0.459184	-0.523767	0.110857	2.30464e-6
