CHROM	SNP	bp	A1	A2	Freq	b	se	p
1	1:17873817	17873817	B	A	0.175573	1.37204	0.27988	9.47567e-7
18	18:22497999	22497999	B	A	0.476923	0.504714	0.100623	5.2789e-7
18	18:22498010	22498010	B	A	0.476923	0.504714	0.100623	5.2789e-7
