CHROM	SNP	bp	A1	A2	Freq	b	se	p
10	10:3022256	3022256	B	A	0.47	0.648261	0.122923	1.33675e-7
10	10:10099323	10099323	B	A	0.153846	1.01829	0.18501	3.71256e-8
