CHROM	SNP	bp	A1	A2	Freq	b	se	p
10	10:10099323	10099323	B	A	0.153846	1.00268	0.183296	4.49291e-8
